epoch,time,train/box_loss,train/cls_loss,train/dfl_loss,metrics/precision(B),metrics/recall(B),metrics/mAP50(B),metrics/mAP50-95(B),val/box_loss,val/cls_loss,val/dfl_loss,lr/pg0,lr/pg1,lr/pg2,lr/pg3,lr/pg4,lr/pg5,lr/pg6,lr/pg7
1,833.737,0.94696,2.64963,0.91811,0.72096,0.84907,0.84214,0.71741,0.58837,0.89381,0.83637,0.00999714,0.00333238,0.00999714,0.00333238,0.00999714,0.00333238,0.00999714,0.00333238
2,1663.4,0.76982,1.27311,0.87315,0.89139,0.93526,0.94538,0.82995,0.53048,0.58087,0.82811,0.0196012,0.00653373,0.0196012,0.00653373,0.0196012,0.00653373,0.0196012,0.00653373
3,2522.09,0.76553,0.98441,0.87479,0.91325,0.96503,0.95737,0.83512,0.54824,0.50591,0.8376,0.0288093,0.00960309,0.0288093,0.00960309,0.0288093,0.00960309,0.0288093,0.00960309
4,4046.66,0.7196,0.79982,0.86947,0.92979,0.97781,0.96946,0.86761,0.48654,0.42192,0.82569,0.028218,0.009406,0.028218,0.009406,0.028218,0.009406,0.028218,0.009406
